timestamp,left_temp,left_vel,left_deg,right_temp,right_vel,right_deg,rotation_deg,autonSelector_deg,hTracker_deg,imu_heading,mfl_temp,mfl_vel,mfl_deg,mml_temp,mml_vel,mml_deg,mbl_temp,mbl_vel,mbl_deg,mfr_temp,mfr_vel,mfr_deg,mmr_temp,mmr_vel,mmr_deg,mbr_temp,mbr_vel,mbr_deg,imu_rotation,imu_pitch,imu_roll
3214,40.000000,367.133333,0.712222,40.000000,339.066667,0.613333,0.660000,196.780000,21474836.470000,0.540987,40.000000,374.400000,0.690000,40.000000,343.000000,0.733333,40.000000,384.000000,0.713333,40.000000,303.000000,0.630000,40.000000,368.000000,0.606667,40.000000,346.200000,0.603333,0.540987,0.330949,1.757986
3341,40.000000,344.933333,1.431111,40.000000,332.200000,1.293333,1.366667,196.870000,21474836.470000,1.348787,40.000000,344.600000,1.423333,40.000000,346.800000,1.436667,40.000000,343.400000,1.433333,40.000000,336.600000,1.310000,40.000000,338.000000,1.286667,40.000000,322.000000,1.283333,1.348787,0.520362,0.909456
3448,40.000000,334.400000,2.006667,40.000000,333.333333,1.852222,1.926667,196.870000,21474836.470000,1.790914,40.000000,335.800000,1.996667,40.000000,337.200000,2.013333,40.000000,330.200000,2.010000,40.000000,333.800000,1.853333,40.000000,337.200000,1.856667,40.000000,329.000000,1.846667,1.790914,0.518119,1.069704
3559,40.000000,280.933333,2.564444,40.000000,266.533333,2.401111,2.486667,196.870000,21474836.470000,2.122796,40.000000,274.600000,2.566667,40.000000,252.400000,2.566667,40.000000,315.800000,2.560000,40.000000,255.000000,2.406667,40.000000,248.600000,2.413333,40.000000,296.000000,2.383333,2.122796,0.191467,2.196208
3670,40.000000,199.066667,3.072222,40.000000,203.466667,2.911111,2.988333,196.870000,21474836.470000,2.329862,40.000000,199.800000,3.080000,40.000000,196.400000,3.073333,40.000000,201.000000,3.063333,40.000000,205.600000,2.913333,40.000000,202.800000,2.906667,40.000000,202.000000,2.913333,2.329862,0.037381,3.752114
3778,40.000000,214.266667,0.383333,40.000000,13.933333,0.030000,0.201667,196.960000,21474836.470000,6.232233,40.000000,325.200000,0.370000,40.000000,171.800000,0.386667,40.000000,145.800000,0.393333,40.000000,18.400000,0.033333,40.000000,9.000000,0.030000,40.000000,14.400000,0.026667,6.232233,0.131311,4.528798
3889,40.000000,268.733333,0.816667,40.000000,-96.266667,-0.057778,0.370000,196.960000,21474836.470000,23.438170,40.000000,323.600000,0.793333,40.000000,259.400000,0.823333,40.000000,223.200000,0.833333,40.000000,-149.800000,-0.063333,40.000000,-89.400000,-0.053333,40.000000,-49.600000,-0.056667,23.438170,-1.493357,4.461232
3997,40.000000,287.000000,1.271111,40.000000,-155.066667,-0.293333,0.486667,196.960000,21474836.470000,46.019102,40.000000,291.400000,1.260000,40.000000,291.800000,1.263333,40.000000,277.800000,1.290000,40.000000,-188.600000,-0.286667,40.000000,-79.200000,-0.296667,40.000000,-197.400000,-0.296667,46.019102,-2.840130,3.765118
4108,40.000000,146.333333,1.610000,40.000000,-87.600000,-0.537778,0.535000,196.870000,21474836.470000,67.122312,40.000000,145.800000,1.603333,40.000000,150.600000,1.610000,40.000000,142.600000,1.616667,40.000000,-98.800000,-0.540000,40.000000,-84.000000,-0.533333,40.000000,-80.000000,-0.540000,67.122312,-4.983477,2.483376
4219,40.000000,51.933333,1.773333,40.000000,-51.266667,-0.670000,0.556667,196.870000,21474836.470000,81.667896,40.000000,49.600000,1.766667,40.000000,51.600000,1.776667,40.000000,54.600000,1.776667,40.000000,-45.200000,-0.676667,40.000000,-55.600000,-0.680000,40.000000,-53.000000,-0.653333,81.667896,-5.984667,1.594074
4327,40.000000,31.666667,1.842222,40.000000,-19.333333,-0.718889,0.556667,196.870000,21474836.470000,87.430744,40.000000,29.600000,1.826667,40.000000,37.800000,1.850000,40.000000,27.600000,1.850000,40.000000,-17.800000,-0.723333,40.000000,-21.600000,-0.713333,40.000000,-18.600000,-0.720000,87.430744,-6.571069,1.309749
4438,40.000000,14.600000,1.852222,40.000000,-21.666667,-0.727778,0.556667,196.870000,21474836.470000,87.091973,40.000000,12.000000,1.836667,40.000000,19.400000,1.863333,40.000000,12.400000,1.856667,40.000000,-38.200000,-0.726667,40.000000,-14.600000,-0.733333,40.000000,-12.200000,-0.723333,87.091973,-5.673881,1.795215
4549,40.000000,70.733333,1.973333,40.000000,78.600000,-0.633333,0.668333,196.870000,21474836.470000,87.079871,40.000000,70.800000,1.963333,40.000000,72.800000,1.973333,40.000000,68.600000,1.983333,40.000000,91.800000,-0.626667,40.000000,74.200000,-0.633333,40.000000,69.800000,-0.640000,87.079871,-5.104107,0.696463
4657,40.000000,168.066667,2.206667,40.000000,156.933333,-0.421111,0.891667,196.870000,21474836.470000,87.762808,40.000000,172.400000,2.196667,40.000000,162.800000,2.206667,40.000000,169.000000,2.216667,40.000000,157.600000,-0.413333,40.000000,156.200000,-0.420000,40.000000,157.000000,-0.430000,87.762808,-4.528356,0.113104
4768,40.000000,199.666667,2.545556,40.000000,196.266667,-0.091111,1.223333,196.870000,21474836.470000,88.311238,40.000000,201.400000,2.533333,40.000000,198.400000,2.546667,40.000000,199.200000,2.556667,40.000000,193.800000,-0.086667,40.000000,193.400000,-0.096667,40.000000,201.600000,-0.090000,88.311238,-3.644113,-0.309446
4876,40.000000,186.266667,2.906667,40.000000,183.333333,0.264444,1.581667,196.870000,21474836.470000,88.518312,40.000000,191.000000,2.896667,40.000000,186.000000,2.906667,40.000000,181.800000,2.916667,40.000000,184.400000,0.266667,40.000000,183.600000,0.260000,40.000000,182.000000,0.266667,88.518312,-2.981984,0.898637
4987,40.000000,255.066667,3.292222,40.000000,242.866667,0.638889,1.968333,196.870000,21474836.470000,87.468871,40.000000,244.200000,3.293333,40.000000,256.400000,3.293333,40.000000,264.600000,3.290000,40.000000,234.800000,0.646667,40.000000,248.000000,0.633333,40.000000,245.800000,0.636667,87.468871,-3.103280,-0.623088
5098,40.000000,118.600000,3.430000,40.000000,22.400000,0.704444,2.068333,196.870000,21474836.470000,86.752357,40.000000,113.800000,3.423333,40.000000,121.200000,3.430000,40.000000,120.800000,3.436667,40.000000,17.800000,0.713333,40.000000,23.000000,0.706667,40.000000,26.400000,0.693333,86.752357,-2.760632,0.533904
5206,40.000000,30.866667,3.481111,40.000000,14.866667,0.713333,2.098333,196.870000,21474836.470000,86.939728,40.000000,25.200000,3.476667,40.000000,31.400000,3.480000,40.000000,36.000000,3.486667,40.000000,20.600000,0.720000,40.000000,10.600000,0.716667,40.000000,13.400000,0.703333,86.939728,-2.470364,0.623788
5317,40.000000,-55.666667,3.337778,40.000000,20.266667,0.713333,2.026667,196.870000,21474836.470000,84.586393,40.000000,-56.800000,3.333333,40.000000,-52.600000,3.336667,40.000000,-57.600000,3.343333,40.000000,28.200000,0.720000,40.000000,22.200000,0.716667,40.000000,10.400000,0.703333,84.586393,-1.870616,1.861127
5428,40.000000,-48.000000,3.255556,40.000000,22.933333,0.757778,2.008333,196.960000,21474836.470000,80.055819,40.000000,-45.200000,3.253333,40.000000,-49.600000,3.253333,40.000000,-49.200000,3.260000,40.000000,20.200000,0.763333,40.000000,25.400000,0.760000,40.000000,23.200000,0.750000,80.055819,-1.429995,2.664613
5536,40.000000,-37.733333,3.187778,40.000000,13.866667,0.770000,1.980000,196.960000,21474836.470000,77.255828,40.000000,-38.400000,3.186667,40.000000,-37.400000,3.186667,40.000000,-37.400000,3.190000,40.000000,10.000000,0.773333,40.000000,20.400000,0.773333,40.000000,11.200000,0.763333,77.255828,-0.754377,2.750345
5647,40.000000,-33.533333,3.122222,40.000000,14.000000,0.790000,1.956667,196.960000,21474836.470000,74.273637,40.000000,-34.800000,3.120000,40.000000,-33.600000,3.120000,40.000000,-32.200000,3.126667,40.000000,13.600000,0.793333,40.000000,14.200000,0.793333,40.000000,14.200000,0.783333,74.273637,-0.308219,2.904774
5755,40.000000,48.733333,3.123333,40.000000,-105.466667,0.743333,1.916667,196.960000,21474836.470000,71.802766,40.000000,-34.000000,3.086667,40.000000,90.000000,3.136667,40.000000,90.200000,3.146667,40.000000,-105.800000,0.746667,40.000000,-114.600000,0.740000,40.000000,-96.000000,0.743333,71.802766,0.352919,3.225430
5867,40.000000,5.866667,3.155556,40.000000,-29.866667,0.681111,1.886667,196.960000,21474836.470000,74.789486,40.000000,-34.000000,3.086667,40.000000,25.600000,3.183333,40.000000,26.000000,3.196667,40.000000,-30.200000,0.686667,40.000000,-29.600000,0.680000,40.000000,-29.800000,0.676667,74.789486,0.785548,3.176839
5978,40.000000,14.866667,3.198889,40.000000,-25.333333,0.628889,1.860000,196.960000,21474836.470000,78.983892,40.000000,-34.000000,3.086667,40.000000,39.800000,3.246667,40.000000,38.800000,3.263333,40.000000,-26.200000,0.633333,40.000000,-25.200000,0.626667,40.000000,-24.600000,0.626667,78.983892,0.099032,3.309692
6086,40.000000,10.200000,3.241111,40.000000,-19.800000,0.587778,1.840000,196.960000,21474836.470000,82.670015,40.000000,-34.000000,3.086667,40.000000,32.400000,3.313333,40.000000,32.200000,3.323333,40.000000,-20.800000,0.593333,40.000000,-19.200000,0.586667,40.000000,-19.400000,0.583333,82.670015,-0.259709,3.230069
6198,40.000000,11.800000,3.281111,40.000000,-11.333333,0.568889,1.830000,196.960000,21474836.470000,85.538397,40.000000,-34.000000,3.086667,40.000000,33.000000,3.373333,40.000000,36.400000,3.383333,40.000000,-12.400000,0.573333,40.000000,-10.600000,0.566667,40.000000,-11.000000,0.566667,85.538397,-0.552740,3.304183
6309,40.000000,6.533333,3.318889,40.000000,-19.066667,0.550000,1.820000,196.960000,21474836.470000,88.172046,40.000000,-34.000000,3.086667,40.000000,26.600000,3.426667,40.000000,27.000000,3.443333,40.000000,-31.600000,0.553333,40.000000,-15.800000,0.550000,40.000000,-9.800000,0.546667,88.172046,-0.722496,3.894905
6417,40.000000,4.000000,3.342222,40.000000,-12.066667,0.530000,1.810000,196.960000,21474836.470000,90.779703,40.000000,-34.000000,3.086667,40.000000,23.200000,3.463333,40.000000,22.800000,3.476667,40.000000,-14.200000,0.533333,40.000000,-7.200000,0.530000,40.000000,-14.800000,0.526667,90.779703,-0.526492,4.218107
6529,40.000000,-11.333333,3.341111,40.000000,23.866667,0.534444,1.811667,196.960000,21474836.470000,91.240607,40.000000,-34.000000,3.086667,40.000000,0.000000,3.460000,40.000000,-0.000000,3.476667,40.000000,0.000000,0.536667,40.000000,41.000000,0.536667,40.000000,30.600000,0.530000,91.240607,-0.768360,4.357439
6637,40.000000,-154.733333,3.321111,40.000000,-73.933333,0.440000,1.880000,196.960000,21474836.470000,92.199861,40.000000,-219.600000,3.313333,40.000000,-143.600000,3.323333,40.000000,-101.000000,3.326667,40.000000,-106.600000,0.440000,40.000000,-80.000000,0.433333,40.000000,-35.200000,0.446667,92.199861,-0.338340,5.938509
6748,40.000000,-180.266667,3.117778,40.000000,-238.933333,0.142222,1.596667,197.050000,21474836.470000,92.703096,40.000000,-69.000000,3.256667,40.000000,-220.400000,3.046667,40.000000,-251.400000,3.050000,40.000000,-241.400000,0.146667,40.000000,-245.000000,0.136667,40.000000,-230.400000,0.143333,92.703096,-0.630356,6.436235
6860,40.000000,-337.666667,2.466667,40.000000,-333.533333,-0.420000,1.026667,197.050000,21474836.470000,92.633704,40.000000,-342.000000,2.460000,40.000000,-341.200000,2.466667,40.000000,-329.800000,2.473333,40.000000,-338.000000,-0.426667,40.000000,-337.800000,-0.426667,40.000000,-324.800000,-0.406667,92.633704,-0.738992,7.579282
6968,40.000000,-386.733333,1.851111,40.000000,-361.666667,-1.017778,0.413333,197.050000,21474836.470000,92.216736,40.000000,-395.600000,1.840000,40.000000,-383.000000,1.853333,40.000000,-381.600000,1.860000,40.000000,-365.800000,-1.020000,40.000000,-365.400000,-1.013333,40.000000,-353.800000,-1.020000,92.216736,-0.829845,8.519765
7079,40.000000,-416.133333,1.105556,40.000000,-398.066667,-1.736667,-0.321667,197.050000,21474836.470000,91.699199,40.000000,-405.600000,1.090000,40.000000,-423.000000,1.110000,40.000000,-419.800000,1.116667,40.000000,-403.200000,-1.740000,40.000000,-399.000000,-1.733333,40.000000,-392.000000,-1.736667,91.699199,-0.671857,8.831795
7191,40.000000,-281.733333,0.313333,40.000000,-254.200000,-2.495556,-1.088333,196.960000,21474836.470000,91.250529,40.000000,-262.600000,0.306667,40.000000,-291.600000,0.310000,40.000000,-291.000000,0.323333,40.000000,-261.800000,-2.483333,40.000000,-272.200000,-2.516667,40.000000,-228.600000,-2.486667,91.250529,-0.518185,8.683740
7299,40.000000,-304.600000,-0.206667,40.000000,-273.666667,-2.994444,-1.605000,196.960000,21474836.470000,90.456779,40.000000,-308.000000,-0.223333,40.000000,-305.800000,-0.203333,40.000000,-300.000000,-0.193333,40.000000,-254.600000,-2.986667,40.000000,-291.400000,-3.000000,40.000000,-275.000000,-2.996667,90.456779,-0.494647,7.326612
7410,40.000000,-82.933333,-0.524444,40.000000,-28.333333,-3.245556,-1.890000,196.870000,21474836.470000,89.832450,40.000000,-87.800000,-0.540000,40.000000,-82.600000,-0.523333,40.000000,-78.400000,-0.510000,40.000000,-34.400000,-3.250000,40.000000,-18.600000,-3.246667,40.000000,-32.000000,-3.240000,89.832450,0.458883,3.422431
7522,40.000000,-45.200000,-0.592222,40.000000,-27.266667,-3.287778,-1.941667,196.870000,21474836.470000,92.744617,40.000000,-17.800000,-0.596667,40.000000,-41.400000,-0.596667,40.000000,-76.400000,-0.583333,40.000000,-19.000000,-3.286667,40.000000,-14.800000,-3.286667,40.000000,-48.000000,-3.290000,92.744617,0.000489,7.459970
7630,40.000000,-41.800000,-0.668889,40.000000,-23.266667,-3.298889,-1.983333,196.960000,21474836.470000,93.174705,40.000000,-24.800000,-0.673333,40.000000,-29.600000,-0.670000,40.000000,-71.000000,-0.663333,40.000000,-17.000000,-3.293333,40.000000,-11.600000,-3.300000,40.000000,-41.200000,-3.303333,93.174705,-0.276274,7.803451
7741,40.000000,-35.866667,-0.690000,40.000000,-24.933333,-3.313333,-1.996667,196.960000,21474836.470000,92.414935,40.000000,-9.600000,-0.690000,40.000000,-56.200000,-0.690000,40.000000,-41.800000,-0.690000,40.000000,-14.000000,-3.303333,40.000000,-22.000000,-3.316667,40.000000,-38.800000,-3.320000,92.414935,0.024913,7.029265
7850,40.000000,9.133333,-0.684444,40.000000,10.800000,-3.306667,-1.995000,196.960000,21474836.470000,92.659620,40.000000,3.800000,-0.686667,40.000000,9.000000,-0.686667,40.000000,14.600000,-0.680000,40.000000,0.000000,-3.303333,40.000000,22.000000,-3.303333,40.000000,10.400000,-3.313333,92.659620,-0.036425,7.080218
7961,40.000000,6.866667,-0.683333,40.000000,3.466667,-3.304444,-1.993333,196.960000,21474836.470000,92.682361,40.000000,-0.000000,-0.686667,40.000000,9.000000,-0.686667,40.000000,11.600000,-0.676667,40.000000,0.000000,-3.303333,40.000000,-0.000000,-3.300000,40.000000,10.400000,-3.310000,92.682361,0.135231,6.598020
8072,40.000000,0.000000,-0.683333,40.000000,4.666667,-3.302222,-1.991667,196.960000,21474836.470000,92.666698,40.000000,-0.000000,-0.686667,40.000000,0.000000,-0.686667,40.000000,-0.000000,-0.676667,40.000000,14.000000,-3.300000,40.000000,-0.000000,-3.296667,40.000000,0.000000,-3.310000,92.666698,0.098617,6.050880
8181,40.000000,0.000000,-0.683333,40.000000,-22.933333,-3.303333,-1.991667,196.960000,21474836.470000,92.663981,40.000000,-0.000000,-0.686667,40.000000,0.000000,-0.686667,40.000000,-0.000000,-0.676667,40.000000,-68.800000,-3.303333,40.000000,-0.000000,-3.296667,40.000000,0.000000,-3.310000,92.663981,0.362561,5.871220
8292,40.000000,3.133333,-0.682222,40.000000,0.000000,-3.302222,-1.991667,196.960000,21474836.470000,92.666395,40.000000,-0.000000,-0.686667,40.000000,9.400000,-0.683333,40.000000,-0.000000,-0.676667,40.000000,0.000000,-3.300000,40.000000,-0.000000,-3.296667,40.000000,0.000000,-3.310000,92.666395,0.392472,5.316780
8403,40.000000,28.333333,-0.681111,40.000000,4.333333,-3.302222,-1.991667,196.960000,21474836.470000,92.691506,40.000000,-0.000000,-0.686667,40.000000,9.400000,-0.683333,40.000000,75.600000,-0.673333,40.000000,13.000000,-3.300000,40.000000,-0.000000,-3.296667,40.000000,0.000000,-3.310000,92.691506,0.375798,5.198089
8511,40.000000,142.066667,-0.528889,40.000000,-82.333333,-3.382222,-1.975000,196.960000,21474836.470000,93.776017,40.000000,142.400000,-0.570000,40.000000,111.400000,-0.516667,40.000000,172.400000,-0.500000,40.000000,-112.400000,-3.380000,40.000000,-75.400000,-3.380000,40.000000,-59.200000,-3.386667,93.776017,0.155240,5.171689
8622,40.000000,150.200000,-0.274444,40.000000,-100.200000,-3.692222,-1.988333,196.960000,21474836.470000,103.139070,40.000000,99.200000,-0.290000,40.000000,156.000000,-0.270000,40.000000,195.400000,-0.263333,40.000000,-102.800000,-3.686667,40.000000,-109.000000,-3.693333,40.000000,-88.800000,-3.696667,103.139070,-1.175135,4.411635
8730,40.000000,188.133333,-0.005556,40.000000,-81.533333,-3.813333,-1.993333,196.960000,21474836.470000,117.467354,40.000000,206.800000,-0.176667,40.000000,203.800000,0.076667,40.000000,153.800000,0.083333,40.000000,-87.800000,-3.813333,40.000000,-60.600000,-3.816667,40.000000,-96.200000,-3.810000,117.467354,-3.248292,3.778501
8842,40.000000,217.533333,0.246667,40.000000,-58.800000,-3.924444,-2.050000,196.960000,21474836.470000,132.566828,40.000000,206.800000,-0.176667,40.000000,222.800000,0.456667,40.000000,223.000000,0.460000,40.000000,-61.400000,-3.923333,40.000000,-54.000000,-3.926667,40.000000,-61.000000,-3.923333,132.566828,-4.919783,3.207189
8953,40.000000,209.266667,0.514444,40.000000,-42.666667,-4.042222,-2.106667,196.960000,21474836.470000,150.290487,40.000000,206.800000,-0.176667,40.000000,212.800000,0.856667,40.000000,208.200000,0.863333,40.000000,-44.000000,-4.046667,40.000000,-39.800000,-4.043333,40.000000,-44.200000,-4.036667,150.290487,-6.064226,2.569259
9061,40.000000,162.733333,1.242222,40.000000,-22.133333,-4.085556,-1.426667,196.960000,21474836.470000,168.008491,40.000000,101.600000,1.260000,40.000000,190.600000,1.236667,40.000000,196.000000,1.230000,40.000000,-21.000000,-4.090000,40.000000,-23.200000,-4.083333,40.000000,-22.200000,-4.083333,168.008491,-6.349476,1.597827
9173,40.000000,84.600000,1.436667,40.000000,-10.800000,-4.090000,-1.326667,196.960000,21474836.470000,178.328966,40.000000,84.400000,1.433333,40.000000,86.000000,1.436667,40.000000,83.400000,1.440000,40.000000,-10.200000,-4.093333,40.000000,-8.600000,-4.090000,40.000000,-13.600000,-4.086667,178.328966,-6.327588,1.820904
9284,40.000000,37.400000,1.532222,40.000000,6.333333,-4.087778,-1.281667,196.870000,21474836.470000,182.045205,40.000000,32.400000,1.523333,40.000000,39.000000,1.533333,40.000000,40.800000,1.540000,40.000000,8.800000,-4.090000,40.000000,10.200000,-4.086667,40.000000,0.000000,-4.086667,182.045205,-5.430321,2.107457
9392,40.000000,20.133333,1.548889,40.000000,3.133333,-4.086667,-1.273333,196.870000,21474836.470000,182.490543,40.000000,19.600000,1.540000,40.000000,22.600000,1.550000,40.000000,18.200000,1.556667,40.000000,9.400000,-4.086667,40.000000,-0.000000,-4.086667,40.000000,0.000000,-4.086667,182.490543,-4.649246,2.691037
9504,40.000000,209.666667,0.185556,40.000000,67.666667,0.140000,0.171667,196.870000,21474836.470000,182.181254,40.000000,279.600000,0.183333,40.000000,231.200000,0.186667,40.000000,118.200000,0.186667,40.000000,84.200000,0.160000,40.000000,67.000000,0.150000,40.000000,51.800000,0.110000,182.181254,-3.901657,2.036164
9612,40.000000,264.533333,0.601111,40.000000,230.933333,0.435556,0.521667,196.870000,21474836.470000,182.955432,40.000000,247.200000,0.603333,40.000000,259.600000,0.596667,40.000000,286.800000,0.603333,40.000000,235.000000,0.446667,40.000000,234.800000,0.443333,40.000000,223.000000,0.416667,182.955432,-3.687963,0.630745
9723,40.000000,345.933333,1.208889,40.000000,345.466667,1.010000,1.108333,196.870000,21474836.470000,183.469593,40.000000,358.400000,1.206667,40.000000,334.400000,1.203333,40.000000,345.000000,1.216667,40.000000,343.800000,1.013333,40.000000,340.400000,1.013333,40.000000,352.200000,1.003333,183.469593,-3.084457,-0.072341
9835,40.000000,439.066667,1.946667,40.000000,418.933333,1.717778,1.830000,196.870000,21474836.470000,184.576768,40.000000,451.200000,1.946667,40.000000,430.600000,1.940000,40.000000,435.400000,1.953333,40.000000,417.800000,1.720000,40.000000,417.000000,1.720000,40.000000,422.000000,1.713333,184.576768,-2.579728,-0.840236
9943,40.000000,475.333333,2.776667,40.000000,467.666667,2.522222,2.646667,196.870000,21474836.470000,185.518362,40.000000,476.000000,2.783333,40.000000,484.000000,2.766667,40.000000,466.000000,2.780000,40.000000,482.400000,2.523333,40.000000,462.600000,2.526667,40.000000,458.000000,2.516667,185.518362,-2.229942,-0.957315
10054,40.000000,497.133333,3.656667,40.000000,493.333333,3.386667,3.520000,196.870000,21474836.470000,185.959280,40.000000,504.400000,3.663333,40.000000,493.800000,3.646667,40.000000,493.200000,3.660000,40.000000,498.200000,3.393333,40.000000,500.200000,3.393333,40.000000,481.600000,3.373333,185.959280,-1.923753,-0.808773
10166,40.000000,520.933333,4.595556,40.000000,509.600000,4.296667,4.443333,196.870000,21474836.470000,186.426954,40.000000,520.600000,4.593333,40.000000,524.600000,4.613333,40.000000,517.600000,4.580000,40.000000,504.400000,4.303333,40.000000,515.600000,4.306667,40.000000,508.800000,4.280000,186.426954,-1.513410,-0.772934
10274,40.000000,512.866667,5.551111,40.000000,506.133333,5.241111,5.391667,196.870000,21474836.470000,186.838437,40.000000,517.600000,5.536667,40.000000,508.200000,5.550000,40.000000,512.800000,5.566667,40.000000,504.600000,5.236667,40.000000,511.600000,5.240000,40.000000,502.200000,5.246667,186.838437,-1.397102,-0.078768
10385,40.000000,522.333333,6.507778,40.000000,523.266667,6.190000,6.343333,196.870000,21474836.470000,187.197987,40.000000,541.400000,6.496667,40.000000,511.200000,6.506667,40.000000,514.400000,6.520000,40.000000,532.000000,6.190000,40.000000,517.000000,6.190000,40.000000,520.800000,6.190000,187.197987,-0.950682,0.415992
10497,40.000000,462.933333,7.436667,40.000000,459.066667,7.124444,7.285000,196.870000,21474836.470000,186.838883,40.000000,463.000000,7.430000,40.000000,463.000000,7.440000,40.000000,462.800000,7.440000,40.000000,478.400000,7.126667,40.000000,457.400000,7.140000,40.000000,441.400000,7.106667,186.838883,-0.478802,0.369604
10605,40.000000,390.333333,8.235556,40.000000,406.666667,7.930000,8.085000,196.960000,21474836.470000,186.323671,40.000000,399.000000,8.230000,40.000000,383.600000,8.243333,40.000000,388.400000,8.233333,40.000000,408.200000,7.940000,40.000000,398.400000,7.933333,40.000000,413.400000,7.916667,186.323671,-0.450041,1.686379
10716,40.000000,218.333333,8.832222,40.000000,231.400000,8.532222,8.685000,196.960000,21474836.470000,186.314885,40.000000,229.000000,8.833333,40.000000,214.000000,8.833333,40.000000,212.000000,8.830000,40.000000,230.400000,8.540000,40.000000,233.800000,8.536667,40.000000,230.000000,8.520000,186.314885,-0.908796,3.333967
10824,40.000000,45.000000,0.144444,40.000000,44.733333,0.148889,0.145000,196.960000,21474836.470000,186.235113,40.000000,45.600000,0.146667,40.000000,41.000000,0.143333,40.000000,48.400000,0.143333,40.000000,38.800000,0.150000,40.000000,44.000000,0.143333,40.000000,51.400000,0.153333,186.235113,-1.096031,6.139458
10935,40.000000,-6.066667,0.142222,40.000000,39.000000,0.150000,0.145000,196.960000,21474836.470000,186.042536,40.000000,5.000000,0.146667,40.000000,-23.200000,0.136667,40.000000,-0.000000,0.143333,40.000000,64.600000,0.150000,40.000000,26.400000,0.143333,40.000000,26.000000,0.156667,186.042536,-0.526262,4.079754
11046,40.000000,-73.533333,0.027778,40.000000,-60.400000,0.031111,0.025000,196.960000,21474836.470000,186.252800,40.000000,-100.600000,0.066667,40.000000,-61.400000,0.003333,40.000000,-58.600000,0.013333,40.000000,-54.200000,0.023333,40.000000,-65.400000,0.026667,40.000000,-61.600000,0.043333,186.252800,-0.632172,4.578359
11154,40.000000,-51.000000,-0.108889,40.000000,-51.800000,-0.073333,-0.093333,196.960000,21474836.470000,185.906631,40.000000,-51.200000,-0.113333,40.000000,-52.400000,-0.110000,40.000000,-49.400000,-0.103333,40.000000,-50.800000,-0.083333,40.000000,-47.800000,-0.083333,40.000000,-56.800000,-0.053333,185.906631,-0.355647,4.011215
11265,40.000000,-46.666667,-0.205556,40.000000,-43.866667,-0.168889,-0.190000,196.960000,21474836.470000,185.970906,40.000000,-48.400000,-0.206667,40.000000,-47.000000,-0.210000,40.000000,-44.600000,-0.200000,40.000000,-42.400000,-0.180000,40.000000,-44.600000,-0.180000,40.000000,-44.600000,-0.146667,185.970906,-0.023715,3.928385
11376,40.000000,-117.066667,-0.057778,40.000000,31.466667,0.012222,-0.023333,196.960000,21474836.470000,185.818657,40.000000,-86.000000,-0.046667,40.000000,-144.400000,-0.063333,40.000000,-120.800000,-0.063333,40.000000,63.600000,0.026667,40.000000,-0.000000,-0.000000,40.000000,30.800000,0.010000,185.818657,0.118531,3.716062
11484,40.000000,-162.466667,-0.278889,40.000000,97.066667,0.128889,-0.080000,196.960000,21474836.470000,176.025186,40.000000,-154.200000,-0.273333,40.000000,-160.600000,-0.273333,40.000000,-172.600000,-0.290000,40.000000,101.400000,0.130000,40.000000,101.400000,0.143333,40.000000,88.400000,0.113333,176.025186,0.234101,3.192296
11595,40.000000,-147.600000,-0.561111,40.000000,109.933333,0.344444,-0.111667,196.960000,21474836.470000,157.143786,40.000000,-149.200000,-0.553333,40.000000,-148.200000,-0.563333,40.000000,-145.400000,-0.566667,40.000000,111.400000,0.346667,40.000000,109.200000,0.356667,40.000000,109.200000,0.330000,157.143786,1.257056,1.747964
11706,40.000000,-72.333333,-0.772222,40.000000,62.666667,0.508889,-0.143333,196.960000,21474836.470000,141.128467,40.000000,-72.200000,-0.773333,40.000000,-74.400000,-0.773333,40.000000,-70.400000,-0.770000,40.000000,70.000000,0.513333,40.000000,70.800000,0.530000,40.000000,47.200000,0.483333,141.128467,1.915927,1.081189
11814,40.000000,-30.800000,-0.863333,40.000000,23.333333,0.552222,-0.168333,196.960000,21474836.470000,134.127360,40.000000,-31.000000,-0.863333,40.000000,-31.200000,-0.860000,40.000000,-30.200000,-0.866667,40.000000,21.200000,0.556667,40.000000,26.800000,0.576667,40.000000,22.000000,0.523333,134.127360,3.029456,0.720072
11925,40.000000,-22.666667,-0.898889,40.000000,11.666667,0.558889,-0.185000,196.960000,21474836.470000,134.625215,40.000000,-24.200000,-0.900000,40.000000,-26.000000,-0.900000,40.000000,-17.800000,-0.896667,40.000000,13.800000,0.566667,40.000000,6.400000,0.583333,40.000000,14.800000,0.526667,134.625215,2.675885,0.914683
12033,40.000000,-19.333333,-0.914444,40.000000,4.066667,0.561111,-0.191667,196.960000,21474836.470000,134.627471,40.000000,-24.400000,-0.910000,40.000000,-17.000000,-0.916667,40.000000,-16.600000,-0.916667,40.000000,12.200000,0.573333,40.000000,-0.000000,0.583333,40.000000,0.000000,0.526667,134.627471,2.079933,1.956624
12144,40.000000,-126.533333,-0.950000,40.000000,-210.533333,0.503333,-0.230000,196.960000,21474836.470000,134.662551,40.000000,-112.600000,-0.940000,40.000000,-127.600000,-0.946667,40.000000,-139.400000,-0.963333,40.000000,-250.400000,0.520000,40.000000,-288.000000,0.510000,40.000000,-93.200000,0.480000,134.662551,1.309774,2.690935
12255,40.000000,-132.533333,-1.130000,40.000000,-132.333333,0.295556,-0.421667,196.960000,21474836.470000,134.831528,40.000000,-135.600000,-1.113333,40.000000,-124.800000,-1.126667,40.000000,-137.200000,-1.150000,40.000000,-154.000000,0.313333,40.000000,-143.200000,0.303333,40.000000,-99.800000,0.270000,134.831528,1.233305,3.830759
12363,40.000000,-278.000000,-1.506667,40.000000,-281.000000,-0.054444,-0.776667,196.960000,21474836.470000,134.249618,40.000000,-335.000000,-1.496667,40.000000,-244.400000,-1.496667,40.000000,-254.600000,-1.526667,40.000000,-234.800000,-0.053333,40.000000,-234.200000,-0.056667,40.000000,-374.000000,-0.053333,134.249618,1.027702,4.637892
12474,40.000000,-303.533333,-2.012222,40.000000,-299.733333,-0.563333,-1.291667,196.960000,21474836.470000,134.063210,40.000000,-304.000000,-2.003333,40.000000,-299.000000,-2.006667,40.000000,-307.600000,-2.026667,40.000000,-311.600000,-0.553333,40.000000,-297.000000,-0.556667,40.000000,-290.600000,-0.580000,134.063210,0.851980,5.190438
12585,40.000000,-281.266667,-2.547778,40.000000,-280.333333,-1.100000,-1.821667,196.960000,21474836.470000,134.035657,40.000000,-292.000000,-2.546667,40.000000,-278.600000,-2.536667,40.000000,-273.200000,-2.560000,40.000000,-289.600000,-1.093333,40.000000,-289.400000,-1.100000,40.000000,-262.000000,-1.106667,134.035657,0.819725,5.312272
12693,40.000000,-239.533333,-3.003333,40.000000,-227.800000,-1.550000,-2.278333,196.960000,21474836.470000,133.917918,40.000000,-250.600000,-3.003333,40.000000,-237.000000,-2.993333,40.000000,-231.000000,-3.013333,40.000000,-240.600000,-1.543333,40.000000,-211.400000,-1.543333,40.000000,-231.400000,-1.563333,133.917918,0.825723,4.068257
12804,40.000000,25.200000,-3.250000,40.000000,-55.866667,-1.828889,-2.540000,196.780000,21474836.470000,135.774720,40.000000,-0.000000,-3.210000,40.000000,15.000000,-3.266667,40.000000,60.600000,-3.273333,40.000000,-73.000000,-1.786667,40.000000,-16.000000,-1.830000,40.000000,-78.600000,-1.870000,135.774720,1.354285,3.499369
12921,40.000000,55.866667,-3.104444,40.000000,54.533333,-1.765556,-2.448333,196.870000,21474836.470000,139.934552,40.000000,44.800000,-3.086667,40.000000,57.200000,-3.113333,40.000000,65.600000,-3.113333,40.000000,41.800000,-1.726667,40.000000,70.200000,-1.760000,40.000000,51.600000,-1.810000,139.934552,0.502226,2.866440
13029,40.000000,36.266667,-3.054444,40.000000,56.200000,-1.658889,-2.370000,196.870000,21474836.470000,138.663742,40.000000,27.200000,-3.053333,40.000000,32.400000,-3.050000,40.000000,49.200000,-3.060000,40.000000,44.600000,-1.626667,40.000000,70.000000,-1.660000,40.000000,54.000000,-1.690000,138.663742,0.310748,3.430761
13141,40.000000,22.866667,-3.042222,40.000000,19.133333,-1.611111,-2.336667,196.870000,21474836.470000,136.192405,40.000000,28.200000,-3.050000,40.000000,24.400000,-3.040000,40.000000,16.000000,-3.036667,40.000000,14.600000,-1.610000,40.000000,23.600000,-1.586667,40.000000,19.200000,-1.636667,136.192405,0.823250,4.487278
13259,40.000000,-3.666667,-3.045556,40.000000,5.400000,-1.613333,-2.336667,196.870000,21474836.470000,136.417264,40.000000,-11.000000,-3.060000,40.000000,0.000000,-3.040000,40.000000,-0.000000,-3.036667,40.000000,-14.200000,-1.620000,40.000000,16.000000,-1.583333,40.000000,14.400000,-1.636667,136.417264,0.730595,4.584775
13367,40.000000,-2.400000,-3.046667,40.000000,0.000000,-1.613333,-2.336667,196.870000,21474836.470000,136.383201,40.000000,-7.200000,-3.063333,40.000000,0.000000,-3.040000,40.000000,-0.000000,-3.036667,40.000000,0.000000,-1.620000,40.000000,-0.000000,-1.583333,40.000000,0.000000,-1.636667,136.383201,0.587066,4.185329
13478,40.000000,67.933333,0.016667,40.000000,88.333333,0.016667,0.018333,196.870000,21474836.470000,136.344173,40.000000,75.400000,0.016667,40.000000,103.000000,0.020000,40.000000,25.400000,0.013333,40.000000,145.400000,0.020000,40.000000,95.000000,0.020000,40.000000,24.600000,0.010000,136.344173,0.447086,4.065232
13586,40.000000,191.400000,0.316667,40.000000,190.066667,0.271111,0.290000,196.870000,21474836.470000,136.973070,40.000000,178.600000,0.343333,40.000000,190.200000,0.313333,40.000000,205.400000,0.293333,40.000000,185.400000,0.286667,40.000000,168.600000,0.253333,40.000000,216.200000,0.273333,136.973070,0.031283,1.497947
13697,40.000000,322.133333,0.765556,40.000000,314.600000,0.706667,0.713333,196.870000,21474836.470000,138.125614,40.000000,298.400000,0.683333,40.000000,338.200000,0.800000,40.000000,329.800000,0.813333,40.000000,311.600000,0.716667,40.000000,319.000000,0.693333,40.000000,313.200000,0.710000,138.125614,0.360713,1.857325
13808,40.000000,407.000000,1.505556,40.000000,383.600000,1.364444,1.435000,196.870000,21474836.470000,139.200764,40.000000,403.200000,1.516667,40.000000,402.600000,1.493333,40.000000,415.200000,1.506667,40.000000,385.600000,1.376667,40.000000,381.200000,1.353333,40.000000,384.000000,1.363333,139.200764,0.328349,0.167830
13916,40.000000,442.333333,2.295556,40.000000,429.133333,2.123333,2.206667,197.050000,21474836.470000,140.172361,40.000000,433.400000,2.306667,40.000000,433.200000,2.280000,40.000000,460.400000,2.300000,40.000000,419.600000,2.133333,40.000000,431.800000,2.113333,40.000000,436.000000,2.123333,140.172361,0.395658,0.302160
14027,40.000000,486.200000,3.181111,40.000000,475.800000,2.974444,3.076667,197.050000,21474836.470000,140.892265,40.000000,474.800000,3.196667,40.000000,469.800000,3.166667,40.000000,514.000000,3.180000,40.000000,456.200000,2.986667,40.000000,482.800000,2.966667,40.000000,488.400000,2.970000,140.892265,0.355796,0.370597
14138,40.000000,480.200000,4.087778,40.000000,469.866667,3.861111,3.968333,197.050000,21474836.470000,141.759009,40.000000,489.200000,4.113333,40.000000,469.400000,4.070000,40.000000,482.000000,4.080000,40.000000,468.800000,3.866667,40.000000,475.000000,3.860000,40.000000,465.800000,3.856667,141.759009,0.190256,0.145868
14246,40.000000,404.800000,4.933333,40.000000,401.933333,4.691111,4.805000,197.050000,21474836.470000,142.285734,40.000000,393.600000,4.976667,40.000000,404.600000,4.906667,40.000000,416.200000,4.916667,40.000000,407.400000,4.703333,40.000000,409.200000,4.673333,40.000000,389.200000,4.696667,142.285734,-0.035178,0.708840
14370,40.000000,320.266667,5.760000,40.000000,317.733333,5.492222,5.623333,197.050000,21474836.470000,142.959577,40.000000,315.200000,5.796667,40.000000,317.600000,5.743333,40.000000,328.000000,5.740000,40.000000,314.800000,5.506667,40.000000,320.400000,5.466667,40.000000,318.000000,5.503333,142.959577,0.003983,3.150241
14481,40.000000,143.400000,0.023333,40.000000,172.466667,0.027778,0.026667,197.050000,21474836.470000,143.158565,40.000000,133.800000,0.023333,40.000000,133.000000,0.020000,40.000000,163.400000,0.026667,40.000000,174.800000,0.030000,40.000000,171.600000,0.026667,40.000000,171.000000,0.026667,143.158565,0.233382,5.295474
14594,40.000000,-28.333333,0.020000,40.000000,196.666667,0.472222,0.246667,197.050000,21474836.470000,135.364064,40.000000,-27.000000,0.020000,40.000000,-31.200000,0.013333,40.000000,-26.800000,0.026667,40.000000,198.800000,0.466667,40.000000,193.800000,0.480000,40.000000,197.400000,0.470000,135.364064,0.051468,4.492019
14707,40.000000,-71.600000,-0.122222,40.000000,167.600000,0.804444,0.340000,197.050000,21474836.470000,118.063837,40.000000,-73.400000,-0.123333,40.000000,-70.000000,-0.126667,40.000000,-71.400000,-0.116667,40.000000,166.600000,0.796667,40.000000,169.200000,0.813333,40.000000,167.000000,0.803333,118.063837,1.449474,4.171317
14817,40.000000,-59.200000,-0.256667,40.000000,80.933333,1.022222,0.380000,197.050000,21474836.470000,102.757151,40.000000,-63.200000,-0.260000,40.000000,-57.400000,-0.260000,40.000000,-57.000000,-0.250000,40.000000,81.800000,1.016667,40.000000,82.200000,1.040000,40.000000,78.800000,1.010000,102.757151,3.307464,2.924686
14930,40.000000,-33.933333,-0.295556,40.000000,38.800000,1.130000,0.426667,197.050000,21474836.470000,93.973980,40.000000,-61.400000,-0.270000,40.000000,-14.800000,-0.313333,40.000000,-25.600000,-0.303333,40.000000,36.200000,1.123333,40.000000,41.400000,1.133333,40.000000,38.800000,1.133333,93.973980,4.849643,3.080730
15043,40.000000,-31.600000,-0.301111,40.000000,13.200000,1.151111,0.436667,197.050000,21474836.470000,93.113464,40.000000,-61.400000,-0.270000,40.000000,-14.400000,-0.323333,40.000000,-19.000000,-0.310000,40.000000,16.800000,1.143333,40.000000,11.400000,1.160000,40.000000,11.400000,1.150000,93.113464,5.020717,3.621518
15153,40.000000,37.666667,-0.281111,40.000000,67.533333,1.244444,0.495000,197.050000,21474836.470000,92.976231,40.000000,36.400000,-0.330000,40.000000,36.800000,-0.266667,40.000000,39.800000,-0.246667,40.000000,79.200000,1.236667,40.000000,62.400000,1.253333,40.000000,61.000000,1.243333,92.976231,4.116483,2.756666
15266,40.000000,93.533333,-0.156667,40.000000,131.333333,1.417778,0.645000,197.050000,21474836.470000,91.297821,40.000000,92.800000,-0.203333,40.000000,94.200000,-0.143333,40.000000,93.600000,-0.123333,40.000000,131.400000,1.413333,40.000000,129.600000,1.426667,40.000000,133.000000,1.413333,91.297821,3.813393,1.771082
15376,40.000000,109.733333,0.033333,40.000000,176.333333,1.703333,0.880000,197.050000,21474836.470000,88.169186,40.000000,109.800000,-0.013333,40.000000,109.600000,0.046667,40.000000,109.800000,0.066667,40.000000,177.200000,1.693333,40.000000,175.600000,1.710000,40.000000,176.200000,1.706667,88.169186,3.189073,0.877968
15490,40.000000,124.466667,0.267778,40.000000,193.533333,2.075556,1.181667,197.050000,21474836.470000,83.628539,40.000000,129.800000,0.223333,40.000000,120.800000,0.280000,40.000000,122.800000,0.300000,40.000000,193.000000,2.063333,40.000000,196.000000,2.083333,40.000000,191.600000,2.080000,83.628539,2.517771,0.724205
15603,40.000000,124.000000,0.502222,40.000000,203.200000,2.445556,1.486667,197.050000,21474836.470000,78.747245,40.000000,122.000000,0.453333,40.000000,126.000000,0.513333,40.000000,124.000000,0.540000,40.000000,200.600000,2.433333,40.000000,200.800000,2.453333,40.000000,208.200000,2.450000,78.747245,2.336099,1.256382
15713,40.000000,125.800000,0.737778,40.000000,209.000000,2.832222,1.800000,197.050000,21474836.470000,73.595719,40.000000,125.200000,0.690000,40.000000,128.800000,0.746667,40.000000,123.400000,0.776667,40.000000,213.200000,2.823333,40.000000,206.000000,2.840000,40.000000,207.800000,2.833333,73.595719,2.229423,1.568525
15827,40.000000,127.533333,0.975556,40.000000,206.666667,3.216667,2.110000,197.050000,21474836.470000,68.359291,40.000000,124.600000,0.926667,40.000000,131.800000,0.986667,40.000000,126.200000,1.013333,40.000000,210.000000,3.206667,40.000000,209.800000,3.226667,40.000000,200.200000,3.216667,68.359291,2.479917,1.714015
15940,40.000000,123.400000,1.228889,40.000000,204.133333,3.640000,2.445000,197.050000,21474836.470000,62.422741,40.000000,120.000000,1.180000,40.000000,126.400000,1.240000,40.000000,123.800000,1.266667,40.000000,203.600000,3.623333,40.000000,206.200000,3.646667,40.000000,202.600000,3.650000,62.422741,2.746431,2.038419
16050,40.000000,153.333333,1.497778,40.000000,-158.000000,3.744444,2.623333,196.960000,21474836.470000,61.389761,40.000000,159.400000,1.483333,40.000000,164.600000,1.496667,40.000000,136.000000,1.513333,40.000000,-169.400000,3.733333,40.000000,-168.800000,3.743333,40.000000,-135.800000,3.756667,61.389761,2.533740,2.058357
16164,40.000000,-71.600000,1.618889,40.000000,140.333333,3.716667,2.675000,197.400000,21474836.470000,70.285608,40.000000,-34.200000,1.640000,40.000000,-95.200000,1.603333,40.000000,-85.400000,1.613333,40.000000,144.000000,3.710000,40.000000,132.200000,3.720000,40.000000,144.800000,3.720000,70.285608,2.071116,2.943322
16274,40.000000,53.133333,1.764444,40.000000,-39.066667,3.630000,2.698333,197.400000,21474836.470000,73.887005,40.000000,48.000000,1.756667,40.000000,52.400000,1.760000,40.000000,59.000000,1.776667,40.000000,-14.600000,3.620000,40.000000,-85.600000,3.633333,40.000000,-17.000000,3.636667,73.887005,1.612375,3.534561
16387,40.000000,38.133333,1.851111,40.000000,-26.400000,3.601111,2.730000,197.400000,21474836.470000,77.804033,40.000000,34.600000,1.840000,40.000000,39.200000,1.846667,40.000000,40.600000,1.866667,40.000000,-24.200000,3.593333,40.000000,-27.800000,3.603333,40.000000,-27.200000,3.606667,77.804033,1.177944,3.787558
16501,40.000000,31.066667,1.917778,40.000000,-28.933333,3.554444,2.740000,197.400000,21474836.470000,81.964498,40.000000,30.000000,1.906667,40.000000,31.600000,1.913333,40.000000,31.600000,1.933333,40.000000,-28.600000,3.546667,40.000000,-29.000000,3.556667,40.000000,-29.200000,3.560000,81.964498,0.728799,4.171830
16611,40.000000,32.666667,1.983333,40.000000,-29.133333,3.501111,2.746667,197.400000,21474836.470000,86.121915,40.000000,31.800000,1.970000,40.000000,33.200000,1.980000,40.000000,33.000000,2.000000,40.000000,-29.400000,3.493333,40.000000,-29.400000,3.503333,40.000000,-28.600000,3.506667,86.121915,0.008629,4.073368
16724,40.000000,13.666667,2.000000,40.000000,-23.400000,3.483333,2.746667,197.400000,21474836.470000,88.934001,40.000000,27.600000,1.986667,40.000000,6.200000,1.996667,40.000000,7.200000,2.016667,40.000000,-32.000000,3.476667,40.000000,-7.800000,3.486667,40.000000,-30.400000,3.486667,88.934001,-1.036672,4.484702
16838,40.000000,-241.133333,1.943333,40.000000,-139.666667,3.442222,2.703333,197.400000,21474836.470000,88.603329,40.000000,-264.000000,1.913333,40.000000,-245.600000,1.940000,40.000000,-213.800000,1.976667,40.000000,-98.800000,3.430000,40.000000,-179.000000,3.446667,40.000000,-141.200000,3.450000,88.603329,-0.653065,4.256858
16948,40.000000,-163.733333,1.660000,40.000000,-142.800000,3.216667,2.438333,197.400000,21474836.470000,88.976129,40.000000,-162.600000,1.666667,40.000000,-170.000000,1.653333,40.000000,-158.600000,1.660000,40.000000,-124.400000,3.223333,40.000000,-147.000000,3.216667,40.000000,-157.000000,3.210000,88.976129,-0.657535,5.528976
17061,40.000000,-294.066667,1.166667,40.000000,-293.466667,2.720000,1.946667,197.400000,21474836.470000,88.969269,40.000000,-285.200000,1.170000,40.000000,-286.200000,1.156667,40.000000,-310.800000,1.173333,40.000000,-308.800000,2.720000,40.000000,-288.400000,2.720000,40.000000,-283.200000,2.720000,88.969269,-0.678054,6.403926
17171,40.000000,-364.000000,0.565556,40.000000,-351.333333,2.105556,1.338333,197.400000,21474836.470000,89.722695,40.000000,-364.000000,0.566667,40.000000,-365.600000,0.556667,40.000000,-362.400000,0.573333,40.000000,-344.600000,2.103333,40.000000,-357.600000,2.103333,40.000000,-351.800000,2.110000,89.722695,-0.571296,7.363119
17284,40.000000,-409.266667,-0.144444,40.000000,-382.666667,1.414444,0.638333,197.400000,21474836.470000,89.514448,40.000000,-408.000000,-0.146667,40.000000,-405.000000,-0.153333,40.000000,-414.800000,-0.133333,40.000000,-385.600000,1.410000,40.000000,-382.800000,1.410000,40.000000,-379.600000,1.423333,89.514448,-0.300605,8.002695
17397,40.000000,-426.866667,-0.701111,40.000000,-422.466667,0.671111,0.190000,197.400000,21474836.470000,88.877564,40.000000,-420.200000,-0.283333,40.000000,-433.400000,-0.923333,40.000000,-427.000000,-0.896667,40.000000,-430.400000,0.663333,40.000000,-426.800000,0.663333,40.000000,-410.200000,0.686667,88.877564,-0.159108,8.575254
17507,40.000000,-231.266667,-1.506667,40.000000,-220.800000,0.100000,-0.670000,197.400000,21474836.470000,88.719342,40.000000,-199.800000,-1.430000,40.000000,-253.800000,-1.566667,40.000000,-240.200000,-1.523333,40.000000,-214.200000,0.103333,40.000000,-259.000000,0.090000,40.000000,-189.200000,0.106667,88.719342,0.235214,6.140698
17620,40.000000,-51.000000,-1.716667,40.000000,-43.800000,-0.005556,-0.858333,196.170000,21474836.470000,87.261555,40.000000,-53.200000,-1.733333,40.000000,-62.200000,-1.720000,40.000000,-37.600000,-1.696667,40.000000,-55.800000,-0.020000,40.000000,-55.000000,-0.000000,40.000000,-20.600000,0.003333,87.261555,-0.010041,5.374811
17733,40.000000,-115.666667,-1.804444,40.000000,-48.733333,-0.032222,-0.918333,196.170000,21474836.470000,88.456844,40.000000,-81.000000,-1.800000,40.000000,-135.400000,-1.813333,40.000000,-130.600000,-1.800000,40.000000,-64.600000,-0.030000,40.000000,-38.400000,-0.030000,40.000000,-43.200000,-0.036667,88.456844,0.838165,9.818443
17843,40.000000,-79.333333,-1.882222,40.000000,-85.800000,-0.082222,-0.981667,196.170000,21474836.470000,88.595483,40.000000,-81.000000,-1.886667,40.000000,-80.000000,-1.886667,40.000000,-77.000000,-1.873333,40.000000,-98.600000,-0.090000,40.000000,-95.800000,-0.080000,40.000000,-63.000000,-0.076667,88.595483,-0.263387,7.893921
17956,40.000000,11.733333,-1.938889,40.000000,3.000000,-0.110000,-1.025000,196.170000,21474836.470000,87.163254,40.000000,-0.000000,-1.946667,40.000000,18.000000,-1.943333,40.000000,17.200000,-1.926667,40.000000,0.000000,-0.123333,40.000000,27.000000,-0.100000,40.000000,-18.000000,-0.106667,87.163254,0.358320,7.723066
